{"cameraMode":{"drawMode":0,"name":"Shaded","section":"Shading Mode"},"sceneLighting":true,"audioPlay":false,"sceneViewState":{"m_AlwaysRefresh":false,"showFog":true,"showSkybox":true,"showFlares":true,"showImageEffects":true,"showParticleSystems":true,"showVisualEffectGraphs":true,"m_FxEnabled":true},"in2DMode":false,"pivot":{"x":-9.359960556030274,"y":7.491584300994873,"z":42.69736862182617},"rotation":{"x":-0.01712610572576523,"y":0.8670022487640381,"z":0.04839540645480156,"w":0.4953007400035858},"size":0.22254715859889985,"orthographic":false}